Name,Category,Location,Website,Email,Phone,Instagram,Facebook
Sonoma Raceway,Track & Racing Circuit,"Sonoma, CA",https://www.sonomaraceway.com,info@sonomaraceway.com,(707) 938-8400,https://www.instagram.com/sonomaraceway,https://www.facebook.com/SonomaRaceway
WeatherTech Raceway Laguna Seca,Track & Racing Circuit,"Salinas, CA",https://www.weathertechraceway.com,info@laguna-seca.com,(831) 242-8200,https://www.instagram.com/weathertechraceway,https://www.facebook.com/WeatherTechRacewayLagunaSeca
Michelin Raceway Road Atlanta,Track & Racing Circuit,"Braselton, GA",https://www.roadatlanta.com,info@roadatlanta.com,(770) 967-6143,https://www.instagram.com/michelinraceway,https://www.facebook.com/MichelinRacewayRoadAtlanta
Lime Rock Park,Track & Racing Circuit,"Lakeville, CT",https://www.limerock.com,info@limerock.com,(860) 435-5000,https://www.instagram.com/limerockpark,https://www.facebook.com/limerockpark
Virginia International Raceway,Track & Racing Circuit,"Alton, VA",https://www.virnow.com,info@virnow.com,(434) 822-7700,https://www.instagram.com/virnow,https://www.facebook.com/virnow
Watkins Glen International,Track & Racing Circuit,"Watkins Glen, NY",https://www.theglen.com,info@theglen.com,(607) 535-2486,https://www.instagram.com/wgi1948,https://www.facebook.com/watkinsgleninternational
Circuit of the Americas,Track & Racing Circuit,"Austin, TX",https://www.circuitoftheamericas.com,info@theamericas.com,(512) 301-6600,https://www.instagram.com/cota_official,https://www.facebook.com/CircuitofTheAmericas
Sebring International Raceway,Track & Racing Circuit,"Sebring, FL",https://www.sebringraceway.com,info@sebringraceway.com,(863) 655-1442,https://www.instagram.com/sebringraceway,https://www.facebook.com/sebringraceway
Mid-Ohio Sports Car Course,Track & Racing Circuit,"Lexington, OH",https://www.midohio.com,info@midohio.com,(419) 884-4000,https://www.instagram.com/officialmidohio,https://www.facebook.com/MidOhioSportsCarCourse
Road America,Track & Racing Circuit,"Elkhart Lake, WI",https://www.roadamerica.com,info@roadamerica.com,(800) 365-7223,https://www.instagram.com/roadamerica,https://www.facebook.com/RoadAmerica
Willow Springs International Raceway,Track & Racing Circuit,"Rosamond, CA",https://www.willowspringsraceway.com,info@willowspringsraceway.com,(661) 256-6666,https://www.instagram.com/willow_springs_raceway,https://www.facebook.com/WillowSpringsRaceway
Buttonwillow Raceway Park,Track & Racing Circuit,"Buttonwillow, CA",https://www.buttonwillowraceway.com,info@buttonwillowraceway.com,(661) 764-5333,https://www.instagram.com/buttonwillowraceway,https://www.facebook.com/ButtonwillowRaceway
Utah Motorsports Campus,Track & Racing Circuit,"Grantsville, UT",https://www.utahmotorsportscampus.com,info@utahmotorsportscampus.com,(435) 277-8000,https://www.instagram.com/utahmotorsportscampus,https://www.facebook.com/UtahMotorsportsCampus
Portland International Raceway,Track & Racing Circuit,"Portland, OR",https://www.portlandraceway.com,info@portlandraceway.com,(503) 823-7223,https://www.instagram.com/portlandraceway,https://www.facebook.com/PortlandRaceway
Barber Motorsports Park,Track & Racing Circuit,"Birmingham, AL",https://www.barbermotorsports.com,info@barbermotorsports.com,(205) 298-9040,https://www.instagram.com/barbermotorsportspark,https://www.facebook.com/BarberMotorsportsPark
Brainerd International Raceway,Track & Racing Circuit,"Brainerd, MN",https://www.brainerdraceway.com,info@brainerdraceway.com,(218) 824-7223,https://www.instagram.com/brainerdraceway,https://www.facebook.com/BrainerdRaceway
Homestead-Miami Speedway,Track & Racing Circuit,"Homestead, FL",https://www.homesteadmiamispeedway.com,info@homesteadmiamispeedway.com,(305) 230-5000,https://www.instagram.com/homesteadmiami,https://www.facebook.com/HomesteadMiamiSpeedway
Pittsburgh International Race Complex,Track & Racing Circuit,"Wampum, PA",https://www.pittrace.com,info@pittrace.com,(724) 535-1000,https://www.instagram.com/pittrace,https://www.facebook.com/PittRace
NOLA Motorsports Park,Track & Racing Circuit,"Avondale, LA",https://www.nolamotor.com,info@nolamotor.com,(504) 302-4875,https://www.instagram.com/nolamotorsports,https://www.facebook.com/NOLAMotorsports
New Jersey Motorsports Park,Track & Racing Circuit,"Millville, NJ",https://www.njmp.com,info@njmp.com,(856) 327-8000,https://www.instagram.com/njmotorsportspark,https://www.facebook.com/NewJerseyMotorsportsPark
Windrock Park,Offroad & Adventure Park,"Oliver Springs, TN",https://www.windrockpark.com,info@windrockpark.com,(865) 435-3000,https://www.instagram.com/windrockpark,https://www.facebook.com/WindrockPark
Rausch Creek Off-Road Park,Offroad & Adventure Park,"Pine Grove, PA",http://www.rc4x4.org/,info@rc4x4.org,(570) 695-3100,https://www.instagram.com/rauschcreek,https://www.facebook.com/rauschcreekoffroadpark
Hidden Falls Adventure Park,Offroad & Adventure Park,"Marble Falls, TX",https://www.hiddenfallsadventurepark.com,info@hiddenfallsadventurepark.com,(830) 798-9820,https://www.instagram.com/hiddenfallsadventurepark,https://www.facebook.com/HiddenFallsAdventurePark
Durhamtown Off Road Resort,Offroad & Adventure Park,"Union Point, GA",https://www.durhamtown.com,info@durhamtown.com,(706) 486-4603,https://www.instagram.com/durhamtownoffroad,https://www.facebook.com/Durhamtown
Badlands Off Road Park,Offroad & Adventure Park,"Attica, IN",https://www.badlandsoffroad.com,info@badlandsoffroad.com,(765) 762-2981,https://www.instagram.com/badlandsoffroad,https://www.facebook.com/BadlandsOffRoadPark
Bundy Hill Offroad Park,Offroad & Adventure Park,"Jerome, MI",https://www.bundyhilloffroad.com,info@bundyhilloffroad.com,(517) 688-9700,https://www.instagram.com/bundyhilloffroad,https://www.facebook.com/BundyHillOffroad
Carolina Adventure World,Offroad & Adventure Park,"Blackstock, SC",https://www.carolinaadventureworld.com,info@carolinaadventureworld.com,(803) 482-3534,https://www.instagram.com/carolinaadventureworld,https://www.facebook.com/CarolinaAdventureWorld
Hot Springs ORV Park,Offroad & Adventure Park,"Hot Springs, AR",https://www.hotspringsorvpark.com,info@hotspringsorvpark.com,(501) 625-3600,https://www.instagram.com/hotspringsorvpark,https://www.facebook.com/HotSpringsORVPark
Sand Hollow State Park,Offroad & Adventure Park,"Hurricane, UT",https://www.stateparks.utah.gov/parks/sand-hollow,sandhollow@utah.gov,(435) 680-0715,https://www.instagram.com/sandhollowstatepark,https://www.facebook.com/SandHollowStatePark
Redbird State Recreation Area,Offroad & Adventure Park,"Dugger, IN",https://www.in.gov/dnr/state-parks/parks-lakes/redbird-state-recreation-area,redbirdsra@dnr.in.gov,(812) 847-0146,https://www.instagram.com/indianadnr,https://www.facebook.com/RedbirdSRA
Northwest Off-Highway Vehicle Park,Offroad & Adventure Park,"Bridgeport, TX",https://www.cityofbridgeport.net/322/Northwest-OHV-Park,ohvinfo@cityofbridgeport.net,(940) 683-3480,https://www.instagram.com/cityofbridgeport,https://www.facebook.com/NorthwestOHVPark
Prairie City SVRA,Offroad & Adventure Park,"Rancho Cordova, CA",https://www.ohv.parks.ca.gov/?page_id=1178,prairiecity@parks.ca.gov,(916) 985-7343,https://www.instagram.com/prairiecitysvra,https://www.facebook.com/PrairieCitySVRA
Hollister Hills SVRA,Offroad & Adventure Park,"Hollister, CA",https://www.ohv.parks.ca.gov/?page_id=1179,hollisterhills@parks.ca.gov,(831) 637-3874,https://www.instagram.com/hollisterhillssvra,https://www.facebook.com/HollisterHillsSVRA
Iron Range Off-Highway Vehicle Recreation Area,Offroad & Adventure Park,"Gilbert, MN",https://www.dnr.state.mn.us/ohv/ironrange,ironrange.dnr@state.mn.us,(218) 748-2207,https://www.instagram.com/minnesotadnr,https://www.facebook.com/IronRangeOHV
Knolls OHV Area,Offroad & Adventure Park,"Knolls, UT",https://www.blm.gov/visit/knolls-ohv-special-recreation-management-area,blm_ut_sl_mail@blm.gov,(801) 977-4300,https://www.instagram.com/mypubliclands,https://www.facebook.com/BLMUtah
Hungry Valley SVRA,Offroad & Adventure Park,"Gorman, CA",https://www.ohv.parks.ca.gov/?page_id=1184,hungryvalley@parks.ca.gov,(661) 248-7007,https://www.instagram.com/hungryvalleysvra,https://www.facebook.com/HungryValleySVRA
SCCA - Sports Car Club of America,Enthusiast Car Club & Organizer,"Topeka, KS",https://www.scca.com,club@scca.com,(800) 770-2055,https://www.instagram.com/sccaofficial,https://www.facebook.com/SCCAOfficial
Porsche Club of America,Enthusiast Car Club & Organizer,"Columbia, MD",https://www.pca.org,admin@pca.org,(410) 381-0910,https://www.instagram.com/porscheclub,https://www.facebook.com/PorscheClubOfAmerica
BMW Car Club of America,Enthusiast Car Club & Organizer,"Greer, SC",https://www.bmwcca.org,questions@bmwcca.org,(864) 250-0022,https://www.instagram.com/bmwcca,https://www.facebook.com/BMWCCA
NASA - National Auto Sport Association,Enthusiast Car Club & Organizer,"Napa, CA",https://www.nasaproracing.com,info@nasaproracing.com,(510) 970-9997,https://www.instagram.com/nasaproracing,https://www.facebook.com/nasaproracing
Gridlife,Enthusiast Car Club & Organizer,"Chicago, IL",https://www.gridlifemotorsports.com,info@gridlife.co,(312) 809-7223,https://www.instagram.com/gridlifeofficial,https://www.facebook.com/GRIDLIFEOfficial
Audi Club North America,Enthusiast Car Club & Organizer,"Waukesha, WI",https://www.audiclubna.org,admin@audiclubna.org,(262) 567-5476,https://www.instagram.com/audiclubna,https://www.facebook.com/AudiClubNorthAmerica
Mercedes-Benz Club of America,Enthusiast Car Club & Organizer,"Colorado Springs, CO",https://www.mbca.org,info@mbca.org,(800) 637-2360,https://www.instagram.com/mbca_national,https://www.facebook.com/MercedesBenzClubOfAmerica
Corvette Club of America,Enthusiast Car Club & Organizer,"Gaithersburg, MD",https://www.corvetteclubofamerica.org,board@corvetteclubofamerica.org,(301) 948-4300,https://www.instagram.com/corvetteclubofamerica,https://www.facebook.com/CorvetteClubOfAmerica
Texas Region SCCA,Enthusiast Car Club & Organizer,"Dallas, TX",https://www.texasscca.org,info@texasscca.org,(214) 220-3333,https://www.instagram.com/texasscca,https://www.facebook.com/TexasRegionSCCA
Cal Club SCCA,Enthusiast Car Club & Organizer,"Buttonwillow, CA",https://www.calclub.com,calclub@calclub.com,(661) 764-5945,https://www.instagram.com/calclubscca,https://www.facebook.com/CalClubSCCA
Lone Star Region Porsche Club of America,Enthusiast Car Club & Organizer,"Houston, TX",https://www.lsrpca.com,webmaster@lsrpca.com,(713) 480-1911,https://www.instagram.com/lsrpca,https://www.facebook.com/lsrpca
Golden Gate Region Porsche Club of America,Enthusiast Car Club & Organizer,"San Francisco, CA",https://www.pca-ggr.org,president@pca-ggr.org,(415) 301-4477,https://www.instagram.com/pcaggr,https://www.facebook.com/PCAGGR
Peachstate Region Porsche Club of America,Enthusiast Car Club & Organizer,"Atlanta, GA",https://www.peachstatepca.org,president@peachstatepca.org,(770) 906-8911,https://www.instagram.com/peachstatepca,https://www.facebook.com/PeachstatePCA
Rocky Mountain Region Porsche Club of America,Enthusiast Car Club & Organizer,"Denver, CO",https://www.rmrpca.org,president@rmrpca.org,(303) 808-1911,https://www.instagram.com/rmrpca,https://www.facebook.com/RMRPCA
San Diego Region Porsche Club of America,Enthusiast Car Club & Organizer,"San Diego, CA",https://www.pcasdr.org,president@pcasdr.org,(619) 980-1911,https://www.instagram.com/pcasdr,https://www.facebook.com/PCASDR
Apex Driving Club,Enthusiast Car Club & Organizer,"Dallas, TX",https://www.apexdrivingclub.com,info@apexdrivingclub.com,(214) 220-4357,https://www.instagram.com/apexdrivingclub,https://www.facebook.com/ApexDrivingClub
